category,date,link,name,title
매트리스커버,05 Jun 2020,https://davelee-fun.github.io/product-99/,Teddy,": 보드래 퍼펙트 누빔 매트리스커버, 차콜"
매트리스커버,05 Jun 2020,https://davelee-fun.github.io/product-98/,Teddy,": 피아블 클래식 방수 매트리스커버, 화이트"
매트리스커버,05 Jun 2020,https://davelee-fun.github.io/product-97/,Teddy,": 더자리 에코항균 마이크로 매트리스커버, 밀키차콜그레이"
매트리스커버,05 Jun 2020,https://davelee-fun.github.io/product-96/,Teddy,": 더자리 프레쉬 퓨어 매트리스 커버, 퓨어 차콜그레이"
매트리스커버,05 Jun 2020,https://davelee-fun.github.io/product-95/,Teddy,": 몽쉐어 알러스킨 항균 매트리스 커버, 카키그레이"
매트리스커버,05 Jun 2020,https://davelee-fun.github.io/product-94/,Teddy,": 쿠팡 브랜드 - 코멧 홈 40수 트윌 순면 100% 홑겹 매트리스커버, 그레이"
매트리스커버,05 Jun 2020,https://davelee-fun.github.io/product-93/,Teddy,": 패브릭아트 항균 마이크로 원단 매트리스 커버, 아이보리"
매트리스커버,05 Jun 2020,https://davelee-fun.github.io/product-92/,Teddy,": 바숨 순면 누빔 침대 매트리스커버, 차콜"
행거도어,05 Jun 2020,https://davelee-fun.github.io/product-91/,Teddy,": WEMAX 다용도 문옷걸이, 화이트, 1개"
매트리스커버,05 Jun 2020,https://davelee-fun.github.io/product-90/,Teddy,": 타카타카 프리미엄 나노 화이바 누빔 매트리스 커버, 젠틀핑핑"
매트리스커버,05 Jun 2020,https://davelee-fun.github.io/product-89/,Teddy,": 보몽드 순면스퀘어 누빔매트커버, 다크그레이"
매트리스커버,05 Jun 2020,https://davelee-fun.github.io/product-88/,Teddy,": 보드래 국내산 순면 60수 누빔 매트리스커버, 그레이"
여름이불세트,05 Jun 2020,https://davelee-fun.github.io/product-51/,Teddy,": 보몽드 메종 레이스 차렵이불 3종 세트, 민트"
여름이불세트,05 Jun 2020,https://davelee-fun.github.io/product-50/,Teddy,": 슈에뜨룸 체크 피치스킨 침구세트, 모카"
여름이불세트,05 Jun 2020,https://davelee-fun.github.io/product-49/,Teddy,": 메리엘 시어서커 에어리플 이불세트, 그레이"
여름이불세트,05 Jun 2020,https://davelee-fun.github.io/product-48/,Teddy,": 슈에뜨룸 빠삐용 시어서커 침구세트, 네이비"
여름이불세트,05 Jun 2020,https://davelee-fun.github.io/product-47/,Teddy,": 믹스앤매치 에이프릴 리플 누비이불 패드세트, 화이트"
여름이불세트,05 Jun 2020,https://davelee-fun.github.io/product-46/,Teddy,": 쉬즈홈 시어서커 홑이불 토퍼세트, 루즈 그레이"
행거도어,05 Jun 2020,https://davelee-fun.github.io/product-45/,Teddy,": 이코디 5단 엔틱 도어 행거, 브라운, 1개"
행거도어,05 Jun 2020,https://davelee-fun.github.io/product-44/,Teddy,": 선우랜드 우드볼 도어훅 4구, 실버, 1개"
행거도어,05 Jun 2020,https://davelee-fun.github.io/product-43/,Teddy,": 리은상점 다용도 도어훅 문걸이 행거 모자걸이 머플러 목도리 걸이, 화이트, 5개"
행거도어,05 Jun 2020,https://davelee-fun.github.io/product-42/,Teddy,": 퍼니스코 다용도걸이 모자걸이 가방걸이 도어훅 도어행거 문걸이, 엔틱브라운, 1세트"
행거도어,05 Jun 2020,https://davelee-fun.github.io/product-41/,Teddy,": 스텐 도어후크 옷걸이/도어훅 문옷걸이 행거 바지걸이, 혼합 색상, 1개"
여름이불세트,05 Jun 2020,https://davelee-fun.github.io/product-75/,Teddy,": 쉬즈홈 모던그리드 순면 여름이불 베개커버 패드세트, 핑크"
여름이불세트,05 Jun 2020,https://davelee-fun.github.io/product-74/,Teddy,": 스코홈 빅리플 여름 차렵이불패드 3종 세트, 마린그레이"
여름이불세트,05 Jun 2020,https://davelee-fun.github.io/product-73/,Teddy,": 아망떼 시어서커 리플 홑이불 패드세트, 웨이크"
여름이불세트,05 Jun 2020,https://davelee-fun.github.io/product-72/,Teddy,": 마이센스 무더운 여름엔 시어서커 여름이불 패드 베개 이불세트 30종, 시어서커_파스텔그레이"
여름이불세트,05 Jun 2020,https://davelee-fun.github.io/product-71/,Teddy,": 믹스앤매치 로라 프릴 시어서커 침구세트, 그레이"
여름이불세트,05 Jun 2020,https://davelee-fun.github.io/product-70/,Teddy,": 에피소드1 샤베트 프릴 시어서커 여름이불패드세트, 그레이"
여름이불세트,05 Jun 2020,https://davelee-fun.github.io/product-69/,Teddy,": 슈에뜨룸 선인장 리플 침구 세트, 베이지"
여름이불세트,05 Jun 2020,https://davelee-fun.github.io/product-68/,Teddy,": 아망떼 시어서커 리플 홑이불 패드세트, 허브티"
여름이불세트,05 Jun 2020,https://davelee-fun.github.io/product-67/,Teddy,": 지베딩 아이스베어 시어서커 여름침구 풀세트, 민트그레이"
여름이불세트,05 Jun 2020,https://davelee-fun.github.io/product-66/,Teddy,": 쁘리엘르 테스 시어서커 여름이불 패드세트, 그레이"
여름이불세트,05 Jun 2020,https://davelee-fun.github.io/product-65/,Teddy,": 쉬즈홈 시어서커 홑이불 + 토퍼 + 베개커버 세트, 나나 옐로우"
행거도어,05 Jun 2020,https://davelee-fun.github.io/product-40/,Teddy,": 디비플러스 키펙스 컬러 폭조절 오버 도어훅, 블랙, 1개"
여름이불세트,05 Jun 2020,https://davelee-fun.github.io/product-64/,Teddy,": 아망떼 시어서커 리플 퀼팅 이불패드세트, 리엔나"
매트리스커버,05 Jun 2020,https://davelee-fun.github.io/product-87/,Teddy,": 보드래 퍼펙트 누빔 매트리스커버, 베이지핑크"
매트리스커버,05 Jun 2020,https://davelee-fun.github.io/product-86/,Teddy,": 쿠팡 브랜드 - 코멧 홈 40수 순면 누빔 매트리스커버, 챠콜"
매트리스커버,05 Jun 2020,https://davelee-fun.github.io/product-85/,Teddy,": 바숨 순면 누빔 침대 매트리스커버, 화이트"
매트리스커버,05 Jun 2020,https://davelee-fun.github.io/product-84/,Teddy,": 프랑떼 항균 방수 매트리스커버, 화이트"
매트리스커버,05 Jun 2020,https://davelee-fun.github.io/product-83/,Teddy,": 보몽드 순면스퀘어 솔리드 누빔매트커버, 다크블루"
매트리스커버,05 Jun 2020,https://davelee-fun.github.io/product-82/,Teddy,": 네이쳐리빙 피아블 클래식 방수 매트리스커버, 그레이"
매트리스커버,05 Jun 2020,https://davelee-fun.github.io/product-81/,Teddy,": 쿠팡 브랜드 - 코멧 홈 순면 매트리스커버, 베이지"
매트리스커버,05 Jun 2020,https://davelee-fun.github.io/product-80/,Teddy,": 타카타카 프리미엄 나노 화이바 누빔 매트리스 커버, 프렌치불독"
매트리스커버,05 Jun 2020,https://davelee-fun.github.io/product-79/,Teddy,": 더자리 에코항균 마이크로 매트리스커버, 밀키그레이"
매트리스커버,05 Jun 2020,https://davelee-fun.github.io/product-78/,Teddy,": 보몽드 순면스퀘어 누빔매트커버, 화이트"
매트리스커버,05 Jun 2020,https://davelee-fun.github.io/product-77/,Teddy,": 피아블 클래식 방수 매트리스커버, 화이트"
매트리스커버,05 Jun 2020,https://davelee-fun.github.io/product-76/,Teddy,": 쿠팡 브랜드 - 코멧 홈 순면 매트리스커버, 차콜그레이"
여름이불세트,05 Jun 2020,https://davelee-fun.github.io/product-63/,Teddy,": 바자르 트로피컬 인견 여름 이불세트 인견이불 + 베개커버 2p + 인견패드, 그린"
여름이불세트,05 Jun 2020,https://davelee-fun.github.io/product-62/,Teddy,": 바자르 라이닝 혼방 인견 여름 이불베개세트 + 패드 Q, 쿨 네이비"
여름이불세트,05 Jun 2020,https://davelee-fun.github.io/product-61/,Teddy,": 슈에뜨룸 비숑 피치스킨 침구세트, 그레이"
여름이불세트,05 Jun 2020,https://davelee-fun.github.io/product-60/,Teddy,": 스코홈 시어서커 여름 이불 패드 3종 세트, 차콜"
여름이불세트,05 Jun 2020,https://davelee-fun.github.io/product-59/,Teddy,: 스코홈 어번시리즈 순면 차렵이불 누빔 매트커버세트 S 차콜
여름이불세트,05 Jun 2020,https://davelee-fun.github.io/product-58/,Teddy,": 쉬즈홈 루즈 시어서커 차렵이불 패드세트, 그레이"
여름이불세트,05 Jun 2020,https://davelee-fun.github.io/product-57/,Teddy,": 예가로드 메리엘 시어서커 누비이불 패드세트, 블루"
여름이불세트,05 Jun 2020,https://davelee-fun.github.io/product-56/,Teddy,": 에피소드1 샤베트 프릴 시어서커 여름이불패드세트, 화이트"
여름이불세트,05 Jun 2020,https://davelee-fun.github.io/product-55/,Teddy,": 쉬즈홈 플루 시어서커 차렵이불 패드세트, 그린"
여름이불세트,05 Jun 2020,https://davelee-fun.github.io/product-54/,Teddy,": 메종 레이스 차렵 이불 세트, 블루"
여름이불세트,05 Jun 2020,https://davelee-fun.github.io/product-53/,Teddy,": 믹스앤매치 로라 프릴 시어서커 침구세트, 그린"
행거도어,05 Jun 2020,https://davelee-fun.github.io/product-39/,Teddy,": 리빙스토리 1+1 문에 거는 문 옷걸이 음자리 도어후크 방문 행거, 음자리도어후크-로즈골드, 2개"
행거도어,05 Jun 2020,https://davelee-fun.github.io/product-38/,Teddy,": 나이스후크 도어행거 2개 세트 (문행거), 블랙+화이트"
행거도어,05 Jun 2020,https://davelee-fun.github.io/product-37/,Teddy,": 리빙파이 도어훅 옷걸이 행거 7구, 블랙, 1개"
행거도어,05 Jun 2020,https://davelee-fun.github.io/product-36/,Teddy,": 선우랜드 우드볼 도어훅 10구, 실버, 1개"
행거도어,05 Jun 2020,https://davelee-fun.github.io/product-35/,Teddy,": 웰렉스 도어행거 MH1060 신형 본사직발송 미니건조대 도어옷걸이 도어훅, 고동색, 1개"
행거도어,05 Jun 2020,https://davelee-fun.github.io/product-34/,Teddy,": 엔비 엔틱 7구 도어훅 옷걸이, 도어훅 1+1, 1+1"
행거도어,05 Jun 2020,https://davelee-fun.github.io/product-33/,Teddy,": 코시나 무타공 문걸이 후크선반 1단, 화이트, 1개"
행거도어,05 Jun 2020,https://davelee-fun.github.io/product-32/,Teddy,": 코시나 무타공 올스텐 문걸이행거, 혼합 색상, 1개"
행거도어,05 Jun 2020,https://davelee-fun.github.io/product-31/,Teddy,": [아트박스 POOM/이케아] ENUDDEN 도어 행거, 본품, 수량"
행거도어,05 Jun 2020,https://davelee-fun.github.io/product-30/,Teddy,": 비스비바 우드 폴 다용도걸이 3구, 혼합 색상, 1개"
여름이불세트,05 Jun 2020,https://davelee-fun.github.io/product-52/,Teddy,": 슈에뜨룸 발그레 피치 리플 침구 세트, 혼합 색상"
행거도어,05 Jun 2020,https://davelee-fun.github.io/product-29/,Teddy,": 숲속애 웨이브 도어후크 5구, 블랙, 1개"
행거도어,05 Jun 2020,https://davelee-fun.github.io/product-28/,Teddy,": 펀타스틱 다용도 문틀걸이, 화이트, 1개"
